periodo_denuncia;anio_denuncia;fecha_descarga;distrito_fiscal;periodo_denuncia;anio_denuncia;fecha_descarga;distrito_fiscal;especialidad;tipo_caso;generico;genero;subgenerico;sub_genero;articulo;des_articulo;cantidad;ubigeo_pjfs;dpto_pjfs;prov_pjfs;dist_pjfs;fecha_corte
ENERO - DICIEMBRE;2023;1/08/2024;AMAZONAS;ENERO - DICIEMBRE;2023;1/08/2024;AMAZONAS;PENAL;DENUNCIA;CONTRA EL HONOR;1;INJURIA,CALUMNIA Y DIFAMACION;1;130;Injuria;2;10101;AMAZONAS;CHACHAPOYAS;CHACHAPOYAS;1/24/2024
ENERO - DICIEMBRE;2023;1/08/2024;AMAZONAS;ENERO - DICIEMBRE;2023;1/08/2024;AMAZONAS;PENAL;DENUNCIA;CONTRA EL HONOR;1;INJURIA,CALUMNIA Y DIFAMACION;1;131;Calumnia;5;10101;AMAZONAS;CHACHAPOYAS;CHACHAPOYAS;1/24/2024
ENERO - DICIEMBRE;2023;1/08/2024;AMAZONAS;ENERO - DICIEMBRE;2023;1/08/2024;AMAZONAS;PENAL;DENUNCIA;CONTRA EL HONOR;1;INJURIA,CALUMNIA Y DIFAMACION;1;132;Difamacion;9;10101;AMAZONAS;CHACHAPOYAS;CHACHAPOYAS;1/24/2024
ENERO - DICIEMBRE;2023;1/08/2024;AMAZONAS;ENERO - DICIEMBRE;2023;1/08/2024;AMAZONAS;PENAL;DENUNCIA;CONTRA EL ORDEN ECONOMICO;2;DE OTROS DELITOS ECONOMICOS;2;241-A;Corrupcion en el ambito privado;1;10101;AMAZONAS;CHACHAPOYAS;CHACHAPOYAS;1/24/2024
ENERO - DICIEMBRE;2023;1/08/2024;AMAZONAS;ENERO - DICIEMBRE;2023;1/08/2024;AMAZONAS;PENAL;DENUNCIA;CONTRA EL ORDEN FINANCIERO Y MONETARIO;3;DELITOS FINANCIEROS;3;246;Instituciones financieras ilegales;1;10101;AMAZONAS;CHACHAPOYAS;CHACHAPOYAS;1/24/2024
ENERO - DICIEMBRE;2023;1/08/2024;AMAZONAS;ENERO - DICIEMBRE;2023;1/08/2024;AMAZONAS;PENAL;DENUNCIA;CONTRA EL ORDEN FINANCIERO Y MONETARIO;3;DELITOS FINANCIEROS;3;247;Financiamiento por medio de informacion fraudulenta;2;10101;AMAZONAS;CHACHAPOYAS;CHACHAPOYAS;1/24/2024
ENERO - DICIEMBRE;2023;1/08/2024;AMAZONAS;ENERO - DICIEMBRE;2023;1/08/2024;AMAZONAS;PENAL;DENUNCIA;CONTRA EL ORDEN FINANCIERO Y MONETARIO;3;DELITOS MONETARIOS;4;252;Fabricacion y falsificacion de moneda de curso legal;1;10101;AMAZONAS;CHACHAPOYAS;CHACHAPOYAS;1/24/2024
ENERO - DICIEMBRE;2023;1/08/2024;AMAZONAS;ENERO - DICIEMBRE;2023;1/08/2024;AMAZONAS;PENAL;DENUNCIA;CONTRA EL ORDEN FINANCIERO Y MONETARIO;3;DELITOS MONETARIOS;4;254;Trafico de moneda falsa;12;10101;AMAZONAS;CHACHAPOYAS;CHACHAPOYAS;1/24/2024
ENERO - DICIEMBRE;2023;1/08/2024;AMAZONAS;ENERO - DICIEMBRE;2023;1/08/2024;AMAZONAS;PENAL;DENUNCIA;CONTRA EL PATRIMONIO;4;ABIGEATO;5;189-A;Hurto de ganado;61;10101;AMAZONAS;CHACHAPOYAS;CHACHAPOYAS;1/24/2024
ENERO - DICIEMBRE;2023;1/08/2024;AMAZONAS;ENERO - DICIEMBRE;2023;1/08/2024;AMAZONAS;PENAL;DENUNCIA;CONTRA EL PATRIMONIO;4;ABIGEATO;5;189-B;Hurto de uso de ganado;9;10101;AMAZONAS;CHACHAPOYAS;CHACHAPOYAS;1/24/2024
ENERO - DICIEMBRE;2023;1/08/2024;AMAZONAS;ENERO - DICIEMBRE;2023;1/08/2024;AMAZONAS;PENAL;DENUNCIA;CONTRA EL PATRIMONIO;4;ABIGEATO;5;189-C;Robo de ganado ;2;10101;AMAZONAS;CHACHAPOYAS;CHACHAPOYAS;1/24/2024
ENERO - DICIEMBRE;2023;1/08/2024;AMAZONAS;ENERO - DICIEMBRE;2023;1/08/2024;AMAZONAS;PENAL;DENUNCIA;CONTRA EL PATRIMONIO;4;APROPIACION ILICITA;6;190;Apropiacion ilicita comun;82;10101;AMAZONAS;CHACHAPOYAS;CHACHAPOYAS;1/24/2024
ENERO - DICIEMBRE;2023;1/08/2024;AMAZONAS;ENERO - DICIEMBRE;2023;1/08/2024;AMAZONAS;PENAL;DENUNCIA;CONTRA EL PATRIMONIO;4;APROPIACION ILICITA;6;191;Sustraccion de bien propio;1;10101;AMAZONAS;CHACHAPOYAS;CHACHAPOYAS;1/24/2024
ENERO - DICIEMBRE;2023;1/08/2024;AMAZONAS;ENERO - DICIEMBRE;2023;1/08/2024;AMAZONAS;PENAL;DENUNCIA;CONTRA EL PATRIMONIO;4;APROPIACION ILICITA;6;192;Apropiacion irregular;10;10101;AMAZONAS;CHACHAPOYAS;CHACHAPOYAS;1/24/2024
ENERO - DICIEMBRE;2023;1/08/2024;AMAZONAS;ENERO - DICIEMBRE;2023;1/08/2024;AMAZONAS;PENAL;DENUNCIA;CONTRA EL PATRIMONIO;4;APROPIACION ILICITA;6;193;Apropiacion de prenda;1;10101;AMAZONAS;CHACHAPOYAS;CHACHAPOYAS;1/24/2024
ENERO - DICIEMBRE;2023;1/08/2024;AMAZONAS;ENERO - DICIEMBRE;2023;1/08/2024;AMAZONAS;PENAL;DENUNCIA;CONTRA EL PATRIMONIO;4;APROPIACION ILICITA;6;S/Art;APRoPIACIoN ILiCITA;3;10101;AMAZONAS;CHACHAPOYAS;CHACHAPOYAS;1/24/2024
;;;;ENERO - DICIEMBRE;2023;1/08/2024;AMAZONAS;PENAL;DENUNCIA;CONTRA EL PATRIMONIO;4;CONTRA EL PATRIMONIO (Sin especificar delito subgenerico);7;S/Art;CoNTRA EL PATRIMoNIo;71;10101;AMAZONAS;CHACHAPOYAS;CHACHAPOYAS;1/24/2024
;;;;ENERO - DICIEMBRE;2023;1/08/2024;AMAZONAS;PENAL;DENUNCIA;CONTRA EL PATRIMONIO;4;DAÑOS;8;205;Daño simple;621;10101;AMAZONAS;CHACHAPOYAS;CHACHAPOYAS;1/24/2024
;;;;ENERO - DICIEMBRE;2023;1/08/2024;AMAZONAS;PENAL;DENUNCIA;CONTRA EL PATRIMONIO;4;DAÑOS;8;206;Formas agravadas;71;10101;AMAZONAS;CHACHAPOYAS;CHACHAPOYAS;1/24/2024
;;;;ENERO - DICIEMBRE;2023;1/08/2024;AMAZONAS;PENAL;DENUNCIA;CONTRA EL PATRIMONIO;4;DAÑOS;8;206-A;Abandono y actos de crueldad contra animales domesticos y silvestres;20;10101;AMAZONAS;CHACHAPOYAS;CHACHAPOYAS;1/24/2024
;;;;ENERO - DICIEMBRE;2023;1/08/2024;AMAZONAS;PENAL;DENUNCIA;CONTRA EL PATRIMONIO;4;DAÑOS;8;S/Art;DAÑoS;46;10101;AMAZONAS;CHACHAPOYAS;CHACHAPOYAS;1/24/2024
;;;;ENERO - DICIEMBRE;2023;1/08/2024;AMAZONAS;PENAL;DENUNCIA;CONTRA EL PATRIMONIO;4;ESTAFA Y OTRAS DEFRAUDACIONES;9;196;Estafa;386;10101;AMAZONAS;CHACHAPOYAS;CHACHAPOYAS;1/24/2024
;;;;ENERO - DICIEMBRE;2023;1/08/2024;AMAZONAS;PENAL;DENUNCIA;CONTRA EL PATRIMONIO;4;ESTAFA Y OTRAS DEFRAUDACIONES;9;196-A;Estafa agravada;20;10101;AMAZONAS;CHACHAPOYAS;CHACHAPOYAS;1/24/2024
;;;;ENERO - DICIEMBRE;2023;1/08/2024;AMAZONAS;PENAL;DENUNCIA;CONTRA EL PATRIMONIO;4;ESTAFA Y OTRAS DEFRAUDACIONES;9;197;Casos de defraudacion;17;10101;AMAZONAS;CHACHAPOYAS;CHACHAPOYAS;1/24/2024
;;;;ENERO - DICIEMBRE;2023;1/08/2024;AMAZONAS;PENAL;DENUNCIA;CONTRA EL PATRIMONIO;4;ESTAFA Y OTRAS DEFRAUDACIONES;9;S/Art;ESTAFA Y oTRAS DEFRAUDACIoNES;16;10101;AMAZONAS;CHACHAPOYAS;CHACHAPOYAS;1/24/2024
;;;;ENERO - DICIEMBRE;2023;1/08/2024;AMAZONAS;PENAL;DENUNCIA;CONTRA EL PATRIMONIO;4;EXTORSION;10;200;Extorsion.;154;10101;AMAZONAS;CHACHAPOYAS;CHACHAPOYAS;1/24/2024
;;;;ENERO - DICIEMBRE;2023;1/08/2024;AMAZONAS;PENAL;DENUNCIA;CONTRA EL PATRIMONIO;4;EXTORSION;10;201;Chantaje;7;10101;AMAZONAS;CHACHAPOYAS;CHACHAPOYAS;1/24/2024
;;;;ENERO - DICIEMBRE;2023;1/08/2024;AMAZONAS;PENAL;DENUNCIA;CONTRA EL PATRIMONIO;4;EXTORSION;10;S/Art;EXToRSIoN;8;10101;AMAZONAS;CHACHAPOYAS;CHACHAPOYAS;1/24/2024
;;;;ENERO - DICIEMBRE;2023;1/08/2024;AMAZONAS;PENAL;DENUNCIA;CONTRA EL PATRIMONIO;4;FRAUDE EN LA ADMINISTR. DE PERS. JURID.;11;198;Administracion fraudulenta;5;10101;AMAZONAS;CHACHAPOYAS;CHACHAPOYAS;1/24/2024
;;;;ENERO - DICIEMBRE;2023;1/08/2024;AMAZONAS;PENAL;DENUNCIA;CONTRA EL PATRIMONIO;4;FRAUDE EN LA ADMINISTR. DE PERS. JURID.;11;199;Contabilidad paralela;1;10101;AMAZONAS;CHACHAPOYAS;CHACHAPOYAS;1/24/2024
;;;;ENERO - DICIEMBRE;2023;1/08/2024;AMAZONAS;PENAL;DENUNCIA;CONTRA EL PATRIMONIO;4;HURTO;12;185;Hurto simple;808;10101;AMAZONAS;CHACHAPOYAS;CHACHAPOYAS;1/24/2024
;;;;ENERO - DICIEMBRE;2023;1/08/2024;AMAZONAS;PENAL;DENUNCIA;CONTRA EL PATRIMONIO;4;HURTO;12;186;Hurto agravado;717;10101;AMAZONAS;CHACHAPOYAS;CHACHAPOYAS;1/24/2024
;;;;ENERO - DICIEMBRE;2023;1/08/2024;AMAZONAS;PENAL;DENUNCIA;CONTRA EL PATRIMONIO;4;HURTO;12;187;Hurto de uso;11;10101;AMAZONAS;CHACHAPOYAS;CHACHAPOYAS;1/24/2024
;;;;ENERO - DICIEMBRE;2023;1/08/2024;AMAZONAS;PENAL;DENUNCIA;CONTRA EL PATRIMONIO;4;HURTO;12;S/Art;HURTo;162;10101;AMAZONAS;CHACHAPOYAS;CHACHAPOYAS;1/24/2024
;;;;ENERO - DICIEMBRE;2023;1/08/2024;AMAZONAS;PENAL;DENUNCIA;CONTRA EL PATRIMONIO;4;RECEPTACION;13;194;Receptacion.;96;10101;AMAZONAS;CHACHAPOYAS;CHACHAPOYAS;1/24/2024
;;;;ENERO - DICIEMBRE;2023;1/08/2024;AMAZONAS;PENAL;DENUNCIA;CONTRA EL PATRIMONIO;4;RECEPTACION;13;195;Formas agravadas;25;10101;AMAZONAS;CHACHAPOYAS;CHACHAPOYAS;1/24/2024
;;;;ENERO - DICIEMBRE;2023;1/08/2024;AMAZONAS;PENAL;DENUNCIA;CONTRA EL PATRIMONIO;4;RECEPTACION;13;S/Art;RECEPTACIoN;9;10101;AMAZONAS;CHACHAPOYAS;CHACHAPOYAS;1/24/2024
;;;;ENERO - DICIEMBRE;2023;1/08/2024;AMAZONAS;PENAL;DENUNCIA;CONTRA EL PATRIMONIO;4;ROBO;14;188;Robo.;54;10101;AMAZONAS;CHACHAPOYAS;CHACHAPOYAS;1/24/2024
;;;;ENERO - DICIEMBRE;2023;1/08/2024;AMAZONAS;PENAL;DENUNCIA;CONTRA EL PATRIMONIO;4;ROBO;14;189;Robo agravado;141;10101;AMAZONAS;CHACHAPOYAS;CHACHAPOYAS;1/24/2024
;;;;ENERO - DICIEMBRE;2023;1/08/2024;AMAZONAS;PENAL;DENUNCIA;CONTRA EL PATRIMONIO;4;ROBO;14;S/Art;RoBo;31;10101;AMAZONAS;CHACHAPOYAS;CHACHAPOYAS;1/24/2024
;;;;ENERO - DICIEMBRE;2023;1/08/2024;AMAZONAS;PENAL;DENUNCIA;CONTRA EL PATRIMONIO;4;USURPACION;15;202;Usurpacion.;367;10101;AMAZONAS;CHACHAPOYAS;CHACHAPOYAS;1/24/2024
;;;;ENERO - DICIEMBRE;2023;1/08/2024;AMAZONAS;PENAL;DENUNCIA;CONTRA EL PATRIMONIO;4;USURPACION;15;203;Desvio ilegal del curso de las aguas;2;10101;AMAZONAS;CHACHAPOYAS;CHACHAPOYAS;1/24/2024
;;;;ENERO - DICIEMBRE;2023;1/08/2024;AMAZONAS;PENAL;DENUNCIA;CONTRA EL PATRIMONIO;4;USURPACION;15;204;Formas agravadas de usurpacion;79;10101;AMAZONAS;CHACHAPOYAS;CHACHAPOYAS;1/24/2024
;;;;ENERO - DICIEMBRE;2023;1/08/2024;AMAZONAS;PENAL;DENUNCIA;CONTRA EL PATRIMONIO;4;USURPACION;15;S/Art;USURPACIoN;37;10101;AMAZONAS;CHACHAPOYAS;CHACHAPOYAS;1/24/2024
;;;;ENERO - DICIEMBRE;2023;1/08/2024;AMAZONAS;PENAL;DENUNCIA;CONTRA EL PATRIMONIO CULTURAL;5;CONTRA LOS BIENES CULTURALES;16;226;Atentados contra monumentos arqueologicos;2;10101;AMAZONAS;CHACHAPOYAS;CHACHAPOYAS;1/24/2024
;;;;ENERO - DICIEMBRE;2023;1/08/2024;AMAZONAS;PENAL;DENUNCIA;CONTRA LA ADMINISTRACION PUBLICA;6;DELITOS COMETIDOS POR FUNCIONARIOS PUBLICOS;17;376;Abuso de autoridad;103;10101;AMAZONAS;CHACHAPOYAS;CHACHAPOYAS;1/24/2024
;;;;ENERO - DICIEMBRE;2023;1/08/2024;AMAZONAS;PENAL;DENUNCIA;CONTRA LA ADMINISTRACION PUBLICA;6;DELITOS COMETIDOS POR FUNCIONARIOS PUBLICOS;17;376-B;otorgamiento ilegitimo de derechos sobre inmuebles (abuso de autoridad);1;10101;AMAZONAS;CHACHAPOYAS;CHACHAPOYAS;1/24/2024
;;;;ENERO - DICIEMBRE;2023;1/08/2024;AMAZONAS;PENAL;DENUNCIA;CONTRA LA ADMINISTRACION PUBLICA;6;DELITOS COMETIDOS POR FUNCIONARIOS PUBLICOS;17;377;omision, rehusamiento o demora de actos funcionales (abuso de autoridad);141;10101;AMAZONAS;CHACHAPOYAS;CHACHAPOYAS;1/24/2024
;;;;ENERO - DICIEMBRE;2023;1/08/2024;AMAZONAS;PENAL;DENUNCIA;CONTRA LA ADMINISTRACION PUBLICA;6;DELITOS COMETIDOS POR FUNCIONARIOS PUBLICOS;17;378;Denegacion o deficiente apoyo policial (abuso de autoridad);1;10101;AMAZONAS;CHACHAPOYAS;CHACHAPOYAS;1/24/2024
;;;;ENERO - DICIEMBRE;2023;1/08/2024;AMAZONAS;PENAL;DENUNCIA;CONTRA LA ADMINISTRACION PUBLICA;6;DELITOS COMETIDOS POR FUNCIONARIOS PUBLICOS;17;380;Abandono de cargo (abuso de autoridad);2;10101;AMAZONAS;CHACHAPOYAS;CHACHAPOYAS;1/24/2024
;;;;ENERO - DICIEMBRE;2023;1/08/2024;AMAZONAS;PENAL;DENUNCIA;CONTRA LA ADMINISTRACION PUBLICA;6;DELITOS COMETIDOS POR FUNCIONARIOS PUBLICOS;17;381;Nombramiento o aceptacion ilegal (abuso de autoridad);19;10101;AMAZONAS;CHACHAPOYAS;CHACHAPOYAS;1/24/2024
;;;;ENERO - DICIEMBRE;2023;1/08/2024;AMAZONAS;PENAL;DENUNCIA;CONTRA LA ADMINISTRACION PUBLICA;6;DELITOS COMETIDOS POR FUNCIONARIOS PUBLICOS;17;382;Concusion;10;10101;AMAZONAS;CHACHAPOYAS;CHACHAPOYAS;1/24/2024
;;;;ENERO - DICIEMBRE;2023;1/08/2024;AMAZONAS;PENAL;DENUNCIA;CONTRA LA ADMINISTRACION PUBLICA;6;DELITOS COMETIDOS POR FUNCIONARIOS PUBLICOS;17;383;Cobro indebido (concusion);3;10101;AMAZONAS;CHACHAPOYAS;CHACHAPOYAS;1/24/2024
;;;;ENERO - DICIEMBRE;2023;1/08/2024;AMAZONAS;PENAL;DENUNCIA;CONTRA LA ADMINISTRACION PUBLICA;6;DELITOS COMETIDOS POR FUNCIONARIOS PUBLICOS;17;384;Colusion simple y agravada (concusion);120;10101;AMAZONAS;CHACHAPOYAS;CHACHAPOYAS;1/24/2024
;;;;ENERO - DICIEMBRE;2023;1/08/2024;AMAZONAS;PENAL;DENUNCIA;CONTRA LA ADMINISTRACION PUBLICA;6;DELITOS COMETIDOS POR FUNCIONARIOS PUBLICOS;17;387;Peculado doloso y culposo (peculado);165;10101;AMAZONAS;CHACHAPOYAS;CHACHAPOYAS;1/24/2024
;;;;ENERO - DICIEMBRE;2023;1/08/2024;AMAZONAS;PENAL;DENUNCIA;CONTRA LA ADMINISTRACION PUBLICA;6;DELITOS COMETIDOS POR FUNCIONARIOS PUBLICOS;17;388;Peculado de uso (peculado);14;10101;AMAZONAS;CHACHAPOYAS;CHACHAPOYAS;1/24/2024
;;;;ENERO - DICIEMBRE;2023;1/08/2024;AMAZONAS;PENAL;DENUNCIA;CONTRA LA ADMINISTRACION PUBLICA;6;DELITOS COMETIDOS POR FUNCIONARIOS PUBLICOS;17;389;Malversacion (peculado);17;10101;AMAZONAS;CHACHAPOYAS;CHACHAPOYAS;1/24/2024
;;;;ENERO - DICIEMBRE;2023;1/08/2024;AMAZONAS;PENAL;DENUNCIA;CONTRA LA ADMINISTRACION PUBLICA;6;DELITOS COMETIDOS POR FUNCIONARIOS PUBLICOS;17;390;Retardo injustificado de pago (peculado);5;10101;AMAZONAS;CHACHAPOYAS;CHACHAPOYAS;1/24/2024
;;;;ENERO - DICIEMBRE;2023;1/08/2024;AMAZONAS;PENAL;DENUNCIA;CONTRA LA ADMINISTRACION PUBLICA;6;DELITOS COMETIDOS POR FUNCIONARIOS PUBLICOS;17;393;Cohecho pasivo propio (corrupcion de funcionarios);14;10101;AMAZONAS;CHACHAPOYAS;CHACHAPOYAS;1/24/2024
;;;;ENERO - DICIEMBRE;2023;1/08/2024;AMAZONAS;PENAL;DENUNCIA;CONTRA LA ADMINISTRACION PUBLICA;6;DELITOS COMETIDOS POR FUNCIONARIOS PUBLICOS;17;393-A;Soborno internacional pasivo (corrupcion de funcionarios);1;10101;AMAZONAS;CHACHAPOYAS;CHACHAPOYAS;1/24/2024
;;;;ENERO - DICIEMBRE;2023;1/08/2024;AMAZONAS;PENAL;DENUNCIA;CONTRA LA ADMINISTRACION PUBLICA;6;DELITOS COMETIDOS POR FUNCIONARIOS PUBLICOS;17;394;Cohecho pasivo impropio (corrupcion de funcionarios);7;10101;AMAZONAS;CHACHAPOYAS;CHACHAPOYAS;1/24/2024
;;;;ENERO - DICIEMBRE;2023;1/08/2024;AMAZONAS;PENAL;DENUNCIA;CONTRA LA ADMINISTRACION PUBLICA;6;DELITOS COMETIDOS POR FUNCIONARIOS PUBLICOS;17;395;Cohecho pasivo especifico (corrupcion de funcionarios);8;10101;AMAZONAS;CHACHAPOYAS;CHACHAPOYAS;1/24/2024
;;;;ENERO - DICIEMBRE;2023;1/08/2024;AMAZONAS;PENAL;DENUNCIA;CONTRA LA ADMINISTRACION PUBLICA;6;DELITOS COMETIDOS POR FUNCIONARIOS PUBLICOS;17;395-A;Cohecho pasivo propio en el ejercicio de la funcion policial (corrupcion de funcionarios);7;10101;AMAZONAS;CHACHAPOYAS;CHACHAPOYAS;1/24/2024
;;;;ENERO - DICIEMBRE;2023;1/08/2024;AMAZONAS;PENAL;DENUNCIA;CONTRA LA ADMINISTRACION PUBLICA;6;DELITOS COMETIDOS POR FUNCIONARIOS PUBLICOS;17;397;Cohecho activo generico (corrupcion de funcionarios);4;10101;AMAZONAS;CHACHAPOYAS;CHACHAPOYAS;1/24/2024
;;;;ENERO - DICIEMBRE;2023;1/08/2024;AMAZONAS;PENAL;DENUNCIA;CONTRA LA ADMINISTRACION PUBLICA;6;DELITOS COMETIDOS POR FUNCIONARIOS PUBLICOS;17;398;Cohecho activo especifico (corrupcion de funcionarios);2;10101;AMAZONAS;CHACHAPOYAS;CHACHAPOYAS;1/24/2024
;;;;ENERO - DICIEMBRE;2023;1/08/2024;AMAZONAS;PENAL;DENUNCIA;CONTRA LA ADMINISTRACION PUBLICA;6;DELITOS COMETIDOS POR FUNCIONARIOS PUBLICOS;17;398-A;Ingreso indebido de equipos o sistema de comunicacion, fotografia y/o filmacion en centros de detencion o reclusion;1;10101;AMAZONAS;CHACHAPOYAS;CHACHAPOYAS;1/24/2024
;;;;ENERO - DICIEMBRE;2023;1/08/2024;AMAZONAS;PENAL;DENUNCIA;CONTRA LA ADMINISTRACION PUBLICA;6;DELITOS COMETIDOS POR FUNCIONARIOS PUBLICOS;17;399;Negociacion incompatible o aprovechamiento indebido de cargo (corrupcion de funcionarios);45;10101;AMAZONAS;CHACHAPOYAS;CHACHAPOYAS;1/24/2024
;;;;ENERO - DICIEMBRE;2023;1/08/2024;AMAZONAS;PENAL;DENUNCIA;CONTRA LA ADMINISTRACION PUBLICA;6;DELITOS COMETIDOS POR FUNCIONARIOS PUBLICOS;17;400;Trafico de influencias (corrupcion de funcionarios);31;10101;AMAZONAS;CHACHAPOYAS;CHACHAPOYAS;1/24/2024
;;;;ENERO - DICIEMBRE;2023;1/08/2024;AMAZONAS;PENAL;DENUNCIA;CONTRA LA ADMINISTRACION PUBLICA;6;DELITOS COMETIDOS POR PARTICULARES;18;361;Usurpacion de funcion publica;29;10101;AMAZONAS;CHACHAPOYAS;CHACHAPOYAS;1/24/2024
;;;;ENERO - DICIEMBRE;2023;1/08/2024;AMAZONAS;PENAL;DENUNCIA;CONTRA LA ADMINISTRACION PUBLICA;6;DELITOS COMETIDOS POR PARTICULARES;18;362;ostentacion de distintivos de funcion o cargos que no ejerce;2;10101;AMAZONAS;CHACHAPOYAS;CHACHAPOYAS;1/24/2024
;;;;ENERO - DICIEMBRE;2023;1/08/2024;AMAZONAS;PENAL;DENUNCIA;CONTRA LA ADMINISTRACION PUBLICA;6;DELITOS COMETIDOS POR PARTICULARES;18;363;Ejercicio ilegal de profesion;1;10101;AMAZONAS;CHACHAPOYAS;CHACHAPOYAS;1/24/2024
;;;;ENERO - DICIEMBRE;2023;1/08/2024;AMAZONAS;PENAL;DENUNCIA;CONTRA LA ADMINISTRACION PUBLICA;6;DELITOS COMETIDOS POR PARTICULARES;18;365;Violencia contra la autoridad para obligarle a algo;5;10101;AMAZONAS;CHACHAPOYAS;CHACHAPOYAS;1/24/2024
;;;;ENERO - DICIEMBRE;2023;1/08/2024;AMAZONAS;PENAL;DENUNCIA;CONTRA LA ADMINISTRACION PUBLICA;6;DELITOS COMETIDOS POR PARTICULARES;18;366;Violencia contra la autoridad para impedir el ejercicio de sus funciones;4;10101;AMAZONAS;CHACHAPOYAS;CHACHAPOYAS;1/24/2024
;;;;ENERO - DICIEMBRE;2023;1/08/2024;AMAZONAS;PENAL;DENUNCIA;CONTRA LA ADMINISTRACION PUBLICA;6;DELITOS COMETIDOS POR PARTICULARES;18;367;Formas agravadas (Art. 365 y 366);3;10101;AMAZONAS;CHACHAPOYAS;CHACHAPOYAS;1/24/2024
;;;;ENERO - DICIEMBRE;2023;1/08/2024;AMAZONAS;PENAL;DENUNCIA;CONTRA LA ADMINISTRACION PUBLICA;6;DELITOS COMETIDOS POR PARTICULARES;18;368;Resistencia o desobediencia a la autoridad;204;10101;AMAZONAS;CHACHAPOYAS;CHACHAPOYAS;1/24/2024
;;;;ENERO - DICIEMBRE;2023;1/08/2024;AMAZONAS;PENAL;DENUNCIA;CONTRA LA ADMINISTRACION PUBLICA;6;DELITOS COMETIDOS POR PARTICULARES;18;368-A;Ingreso indebido de equipos o sistema de comunicacion, fotografia y/o filmacion en centros de detencion o reclusion;30;10101;AMAZONAS;CHACHAPOYAS;CHACHAPOYAS;1/24/2024
;;;;ENERO - DICIEMBRE;2023;1/08/2024;AMAZONAS;PENAL;DENUNCIA;CONTRA LA ADMINISTRACION PUBLICA;6;DELITOS COMETIDOS POR PARTICULARES;18;368-D;Posesion indebida de telefonos celulares o, armas, municiones o materiales explosivos, inflamables, asfixiantes o toxicos en establecimientos penitenciarios;4;10101;AMAZONAS;CHACHAPOYAS;CHACHAPOYAS;1/24/2024
;;;;ENERO - DICIEMBRE;2023;1/08/2024;AMAZONAS;PENAL;DENUNCIA;CONTRA LA ADMINISTRACION PUBLICA;6;DELITOS COMETIDOS POR PARTICULARES;18;368-E;Ingreso indebido de armas, municiones o materiales explosivos, inflamables, asfixiantes o toxicos en establecimientos penitenciarios;2;10101;AMAZONAS;CHACHAPOYAS;CHACHAPOYAS;1/24/2024
;;;;ENERO - DICIEMBRE;2023;1/08/2024;AMAZONAS;PENAL;DENUNCIA;CONTRA LA ADMINISTRACION PUBLICA;6;DELITOS COMETIDOS POR PARTICULARES;18;371;Negativa a colaborar con la administracion de justicia;1;10101;AMAZONAS;CHACHAPOYAS;CHACHAPOYAS;1/24/2024
;;;;ENERO - DICIEMBRE;2023;1/08/2024;AMAZONAS;PENAL;DENUNCIA;CONTRA LA ADMINISTRACION PUBLICA;6;DELITOS COMETIDOS POR PARTICULARES;18;372;Atentado contra documentos que sirven de prueba en el proceso;2;10101;AMAZONAS;CHACHAPOYAS;CHACHAPOYAS;1/24/2024
;;;;ENERO - DICIEMBRE;2023;1/08/2024;AMAZONAS;PENAL;DENUNCIA;CONTRA LA ADMINISTRACION PUBLICA;6;DELITOS COMETIDOS POR PARTICULARES;18;374;Desacato;1;10101;AMAZONAS;CHACHAPOYAS;CHACHAPOYAS;1/24/2024
;;;;ENERO - DICIEMBRE;2023;1/08/2024;AMAZONAS;PENAL;DENUNCIA;CONTRA LA ADMINISTRACION PUBLICA;6;DELITOS CONTRA LA ADMINISTRACION DE JUSTICIA;19;402;Denuncia calumniosa;22;10101;AMAZONAS;CHACHAPOYAS;CHACHAPOYAS;1/24/2024
;;;;ENERO - DICIEMBRE;2023;1/08/2024;AMAZONAS;PENAL;DENUNCIA;CONTRA LA ADMINISTRACION PUBLICA;6;DELITOS CONTRA LA ADMINISTRACION DE JUSTICIA;19;403;ocultamiento de menor a las investigaciones;4;10101;AMAZONAS;CHACHAPOYAS;CHACHAPOYAS;1/24/2024
;;;;ENERO - DICIEMBRE;2023;1/08/2024;AMAZONAS;PENAL;DENUNCIA;CONTRA LA ADMINISTRACION PUBLICA;6;DELITOS CONTRA LA ADMINISTRACION DE JUSTICIA;19;404;Encubrimiento personal;1;10101;AMAZONAS;CHACHAPOYAS;CHACHAPOYAS;1/24/2024
;;;;ENERO - DICIEMBRE;2023;1/08/2024;AMAZONAS;PENAL;DENUNCIA;CONTRA LA ADMINISTRACION PUBLICA;6;DELITOS CONTRA LA ADMINISTRACION DE JUSTICIA;19;405;Encubrimiento real;3;10101;AMAZONAS;CHACHAPOYAS;CHACHAPOYAS;1/24/2024
;;;;ENERO - DICIEMBRE;2023;1/08/2024;AMAZONAS;PENAL;DENUNCIA;CONTRA LA ADMINISTRACION PUBLICA;6;DELITOS CONTRA LA ADMINISTRACION DE JUSTICIA;19;407;omision de denuncia;4;10101;AMAZONAS;CHACHAPOYAS;CHACHAPOYAS;1/24/2024
;;;;ENERO - DICIEMBRE;2023;1/08/2024;AMAZONAS;PENAL;DENUNCIA;CONTRA LA ADMINISTRACION PUBLICA;6;DELITOS CONTRA LA ADMINISTRACION DE JUSTICIA;19;408;Fuga del lugar del accidente de transito;19;10101;AMAZONAS;CHACHAPOYAS;CHACHAPOYAS;1/24/2024
;;;;ENERO - DICIEMBRE;2023;1/08/2024;AMAZONAS;PENAL;DENUNCIA;CONTRA LA ADMINISTRACION PUBLICA;6;DELITOS CONTRA LA ADMINISTRACION DE JUSTICIA;19;409;Falsedad en juicio;5;10101;AMAZONAS;CHACHAPOYAS;CHACHAPOYAS;1/24/2024
;;;;ENERO - DICIEMBRE;2023;1/08/2024;AMAZONAS;PENAL;DENUNCIA;CONTRA LA ADMINISTRACION PUBLICA;6;DELITOS CONTRA LA ADMINISTRACION DE JUSTICIA;19;409-A;obstruccion de la justicia;3;10101;AMAZONAS;CHACHAPOYAS;CHACHAPOYAS;1/24/2024
;;;;ENERO - DICIEMBRE;2023;1/08/2024;AMAZONAS;PENAL;DENUNCIA;CONTRA LA ADMINISTRACION PUBLICA;6;DELITOS CONTRA LA ADMINISTRACION DE JUSTICIA;19;410;Avocamiento ilegal de proceso en tramite;2;10101;AMAZONAS;CHACHAPOYAS;CHACHAPOYAS;1/24/2024
;;;;ENERO - DICIEMBRE;2023;1/08/2024;AMAZONAS;PENAL;DENUNCIA;CONTRA LA ADMINISTRACION PUBLICA;6;DELITOS CONTRA LA ADMINISTRACION DE JUSTICIA;19;411;Falsa declaracion en procedimiento administrativo;30;10101;AMAZONAS;CHACHAPOYAS;CHACHAPOYAS;1/24/2024
;;;;ENERO - DICIEMBRE;2023;1/08/2024;AMAZONAS;PENAL;DENUNCIA;CONTRA LA ADMINISTRACION PUBLICA;6;DELITOS CONTRA LA ADMINISTRACION DE JUSTICIA;19;412;Expedicion de prueba o informe falso en proceso judicial;2;10101;AMAZONAS;CHACHAPOYAS;CHACHAPOYAS;1/24/2024
;;;;ENERO - DICIEMBRE;2023;1/08/2024;AMAZONAS;PENAL;DENUNCIA;CONTRA LA ADMINISTRACION PUBLICA;6;DELITOS CONTRA LA ADMINISTRACION DE JUSTICIA;19;413;Evasion mediante violencia o amenaza;1;10101;AMAZONAS;CHACHAPOYAS;CHACHAPOYAS;1/24/2024
;;;;ENERO - DICIEMBRE;2023;1/08/2024;AMAZONAS;PENAL;DENUNCIA;CONTRA LA ADMINISTRACION PUBLICA;6;DELITOS CONTRA LA ADMINISTRACION DE JUSTICIA;19;414;Favorecimiento a la fuga;2;10101;AMAZONAS;CHACHAPOYAS;CHACHAPOYAS;1/24/2024
;;;;ENERO - DICIEMBRE;2023;1/08/2024;AMAZONAS;PENAL;DENUNCIA;CONTRA LA ADMINISTRACION PUBLICA;6;DELITOS CONTRA LA ADMINISTRACION DE JUSTICIA;19;416;Fraude procesal;15;10101;AMAZONAS;CHACHAPOYAS;CHACHAPOYAS;1/24/2024
;;;;ENERO - DICIEMBRE;2023;1/08/2024;AMAZONAS;PENAL;DENUNCIA;CONTRA LA ADMINISTRACION PUBLICA;6;DELITOS CONTRA LA ADMINISTRACION DE JUSTICIA;19;417;Ejercicio arbitrario de derecho. Justicia por propia mano;4;10101;AMAZONAS;CHACHAPOYAS;CHACHAPOYAS;1/24/2024
;;;;ENERO - DICIEMBRE;2023;1/08/2024;AMAZONAS;PENAL;DENUNCIA;CONTRA LA ADMINISTRACION PUBLICA;6;DELITOS CONTRA LA ADMINISTRACION DE JUSTICIA;19;418;Prevaricato;14;10101;AMAZONAS;CHACHAPOYAS;CHACHAPOYAS;1/24/2024
;;;;ENERO - DICIEMBRE;2023;1/08/2024;AMAZONAS;PENAL;DENUNCIA;CONTRA LA ADMINISTRACION PUBLICA;6;DELITOS CONTRA LA ADMINISTRACION DE JUSTICIA;19;423;Negativa al cumplimiento de obligaciones de notario y auxiliares jurisdiccionales;2;10101;AMAZONAS;CHACHAPOYAS;CHACHAPOYAS;1/24/2024
;;;;ENERO - DICIEMBRE;2023;1/08/2024;AMAZONAS;PENAL;DENUNCIA;CONTRA LA ADMINISTRACION PUBLICA;6;DELITOS CONTRA LA ADMINISTRACION DE JUSTICIA;19;425;Funcionario o servidor publico (disposiciones comunes);1;10101;AMAZONAS;CHACHAPOYAS;CHACHAPOYAS;1/24/2024
;;;;ENERO - DICIEMBRE;2023;1/08/2024;AMAZONAS;PENAL;DENUNCIA;CONTRA LA ADMINISTRACION PUBLICA;6;DELITOS CONTRA LA ADMINISTRACION PUBLICA (Sin especificar delito subgenerico);20;S/Art;DELIToS CoNTRA LA ADMINISTRACIoN PUBLICA;3;10101;AMAZONAS;CHACHAPOYAS;CHACHAPOYAS;1/24/2024
;;;;ENERO - DICIEMBRE;2023;1/08/2024;AMAZONAS;PENAL;DENUNCIA;CONTRA LA CONF.Y.LA.BUEN.FE.EN.NEGOCIOS;7;LIBRAMIENTO Y COBRO INDEBIDO;21;215;Modalidades de libramientos indebidos;1;10101;AMAZONAS;CHACHAPOYAS;CHACHAPOYAS;1/24/2024
;;;;ENERO - DICIEMBRE;2023;1/08/2024;AMAZONAS;PENAL;DENUNCIA;CONTRA LA CONF.Y.LA.BUEN.FE.EN.NEGOCIOS;7;USURA;22;214;Usura;1;10101;AMAZONAS;CHACHAPOYAS;CHACHAPOYAS;1/24/2024
;;;;ENERO - DICIEMBRE;2023;1/08/2024;AMAZONAS;PENAL;DENUNCIA;CONTRA LA DIGNIDAD HUMANA;8;EXPLOTACION;23;129-C;Explotacion sexual;2;10101;AMAZONAS;CHACHAPOYAS;CHACHAPOYAS;1/24/2024
;;;;ENERO - DICIEMBRE;2023;1/08/2024;AMAZONAS;PENAL;DENUNCIA;CONTRA LA DIGNIDAD HUMANA;8;EXPLOTACION;23;129-I;Promocion y favorecimiento de la explotacion sexual de niñas, niños y adolescentes;1;10101;AMAZONAS;CHACHAPOYAS;CHACHAPOYAS;1/24/2024
;;;;ENERO - DICIEMBRE;2023;1/08/2024;AMAZONAS;PENAL;DENUNCIA;CONTRA LA DIGNIDAD HUMANA;8;EXPLOTACION;23;129-M;Pornografia infantil;3;10101;AMAZONAS;CHACHAPOYAS;CHACHAPOYAS;1/24/2024
;;;;ENERO - DICIEMBRE;2023;1/08/2024;AMAZONAS;PENAL;DENUNCIA;CONTRA LA DIGNIDAD HUMANA;8;EXPLOTACION;23;129-Ñ;Esclavitud y otras formas de explotacion;1;10101;AMAZONAS;CHACHAPOYAS;CHACHAPOYAS;1/24/2024
;;;;ENERO - DICIEMBRE;2023;1/08/2024;AMAZONAS;PENAL;DENUNCIA;CONTRA LA DIGNIDAD HUMANA;8;TRATA DE PERSONAS;24;129-A;Trata de personas;5;10101;AMAZONAS;CHACHAPOYAS;CHACHAPOYAS;1/24/2024
;;;;ENERO - DICIEMBRE;2023;1/08/2024;AMAZONAS;PENAL;DENUNCIA;CONTRA LA DIGNIDAD HUMANA;8;TRATA DE PERSONAS;24;129-B;Formas agravadas de la Trata de Personas;1;10101;AMAZONAS;CHACHAPOYAS;CHACHAPOYAS;1/24/2024
;;;;ENERO - DICIEMBRE;2023;1/08/2024;AMAZONAS;PENAL;DENUNCIA;CONTRA LA FAMILIA;9;ATENTADOS CONTRA LA PATRIA POTESTAD;25;147;Sustraccion de menor;83;10101;AMAZONAS;CHACHAPOYAS;CHACHAPOYAS;1/24/2024
;;;;ENERO - DICIEMBRE;2023;1/08/2024;AMAZONAS;PENAL;DENUNCIA;CONTRA LA FAMILIA;9;ATENTADOS CONTRA LA PATRIA POTESTAD;25;148;Induccion a la fuga de menor;110;10101;AMAZONAS;CHACHAPOYAS;CHACHAPOYAS;1/24/2024
;;;;ENERO - DICIEMBRE;2023;1/08/2024;AMAZONAS;PENAL;DENUNCIA;CONTRA LA FAMILIA;9;OMISION DE ASISTENCIA FAMILIAR;26;149;omision de prestacion de alimentos;1568;10101;AMAZONAS;CHACHAPOYAS;CHACHAPOYAS;1/24/2024
;;;;ENERO - DICIEMBRE;2023;1/08/2024;AMAZONAS;PENAL;DENUNCIA;CONTRA LA FAMILIA;9;OMISION DE ASISTENCIA FAMILIAR;26;150;Abandono de mujer gestante y en situacion critica;3;10101;AMAZONAS;CHACHAPOYAS;CHACHAPOYAS;1/24/2024
;;;;ENERO - DICIEMBRE;2023;1/08/2024;AMAZONAS;PENAL;DENUNCIA;CONTRA LA FE PUBLICA;10;DISPOSICIONES COMUNES;27;438;Falsedad generica (disposiciones comunes);48;10101;AMAZONAS;CHACHAPOYAS;CHACHAPOYAS;1/24/2024
;;;;ENERO - DICIEMBRE;2023;1/08/2024;AMAZONAS;PENAL;DENUNCIA;CONTRA LA FE PUBLICA;10;DISPOSICIONES COMUNES;27;S/Art;DISPoSICIoNES CoMUNES;1;10101;AMAZONAS;CHACHAPOYAS;CHACHAPOYAS;1/24/2024
;;;;ENERO - DICIEMBRE;2023;1/08/2024;AMAZONAS;PENAL;DENUNCIA;CONTRA LA FE PUBLICA;10;FALSIFICACION DE DOCUMENTOS EN GENERAL;28;427;Falsificacion de documentos;184;10101;AMAZONAS;CHACHAPOYAS;CHACHAPOYAS;1/24/2024
;;;;ENERO - DICIEMBRE;2023;1/08/2024;AMAZONAS;PENAL;DENUNCIA;CONTRA LA FE PUBLICA;10;FALSIFICACION DE DOCUMENTOS EN GENERAL;28;428;Falsedad ideologica;76;10101;AMAZONAS;CHACHAPOYAS;CHACHAPOYAS;1/24/2024
;;;;ENERO - DICIEMBRE;2023;1/08/2024;AMAZONAS;PENAL;DENUNCIA;CONTRA LA FE PUBLICA;10;FALSIFICACION DE DOCUMENTOS EN GENERAL;28;429;omision de consignar declaraciones en documentos;1;10101;AMAZONAS;CHACHAPOYAS;CHACHAPOYAS;1/24/2024
;;;;ENERO - DICIEMBRE;2023;1/08/2024;AMAZONAS;PENAL;DENUNCIA;CONTRA LA FE PUBLICA;10;FALSIFICACION DE DOCUMENTOS EN GENERAL;28;430;Supresion, destruccion u ocultamiento de documentos;3;10101;AMAZONAS;CHACHAPOYAS;CHACHAPOYAS;1/24/2024
;;;;ENERO - DICIEMBRE;2023;1/08/2024;AMAZONAS;PENAL;DENUNCIA;CONTRA LA FE PUBLICA;10;FALSIFICACION DE DOCUMENTOS EN GENERAL;28;431;Expedicion de certificado medico falso;1;10101;AMAZONAS;CHACHAPOYAS;CHACHAPOYAS;1/24/2024
;;;;ENERO - DICIEMBRE;2023;1/08/2024;AMAZONAS;PENAL;DENUNCIA;CONTRA LA FE PUBLICA;10;FALSIFICACION DE DOCUMENTOS EN GENERAL;28;S/Art;FALSIFICACIoN DE DoCUMENToS EN GENERAL;1;10101;AMAZONAS;CHACHAPOYAS;CHACHAPOYAS;1/24/2024
;;;;ENERO - DICIEMBRE;2023;1/08/2024;AMAZONAS;PENAL;DENUNCIA;CONTRA LA FE PUBLICA;10;FALSIFICACION DE SELLOS, TIMBRES Y MARCAS OFICIALES;29;434;Fabricacion o falsificacion de sellos o timbres oficiales;2;10101;AMAZONAS;CHACHAPOYAS;CHACHAPOYAS;1/24/2024
;;;;ENERO - DICIEMBRE;2023;1/08/2024;AMAZONAS;PENAL;DENUNCIA;CONTRA LA FE PUBLICA;10;FALSIFICACION DE SELLOS, TIMBRES Y MARCAS OFICIALES;29;435;Fabricacion fraudulenta o falsificacion de marcas o contraseñas oficiales;2;10101;AMAZONAS;CHACHAPOYAS;CHACHAPOYAS;1/24/2024
;;;;ENERO - DICIEMBRE;2023;1/08/2024;AMAZONAS;PENAL;DENUNCIA;CONTRA LA HUMANIDAD;11;DESAPARICION FORZADA;30;320;Desaparicion forzada de personas;17;10101;AMAZONAS;CHACHAPOYAS;CHACHAPOYAS;1/24/2024
;;;;ENERO - DICIEMBRE;2023;1/08/2024;AMAZONAS;PENAL;DENUNCIA;CONTRA LA HUMANIDAD;11;DISCRIMINACION;31;323;Discriminacion e incitacion a la discriminacion;10;10101;AMAZONAS;CHACHAPOYAS;CHACHAPOYAS;1/24/2024
;;;;ENERO - DICIEMBRE;2023;1/08/2024;AMAZONAS;PENAL;DENUNCIA;CONTRA LA HUMANIDAD;11;TORTURA;32;321;Tortura.;2;10101;AMAZONAS;CHACHAPOYAS;CHACHAPOYAS;1/24/2024
;;;;ENERO - DICIEMBRE;2023;1/08/2024;AMAZONAS;PENAL;DENUNCIA;CONTRA LA LIBERTAD;12;CONTRA LA LIBERTAD (Sin especificar delito subgenerico);33;S/Art;CoNTRA LA LIBERTAD;2;10101;AMAZONAS;CHACHAPOYAS;CHACHAPOYAS;1/24/2024
;;;;ENERO - DICIEMBRE;2023;1/08/2024;AMAZONAS;PENAL;DENUNCIA;CONTRA LA LIBERTAD;12;OFENSAS AL PUDOR PUBLICO;34;183;Exhibiciones y publicaciones obscenas;5;10101;AMAZONAS;CHACHAPOYAS;CHACHAPOYAS;1/24/2024
;;;;ENERO - DICIEMBRE;2023;1/08/2024;AMAZONAS;PENAL;DENUNCIA;CONTRA LA LIBERTAD;12;OFENSAS AL PUDOR PUBLICO;34;183-B;Proposiciones a niños, niñas y adolescentes con fines sexuales;1;10101;AMAZONAS;CHACHAPOYAS;CHACHAPOYAS;1/24/2024
;;;;ENERO - DICIEMBRE;2023;1/08/2024;AMAZONAS;PENAL;DENUNCIA;CONTRA LA LIBERTAD;12;PROXENETISMO;35;181;Proxenetismo.;3;10101;AMAZONAS;CHACHAPOYAS;CHACHAPOYAS;1/24/2024
;;;;ENERO - DICIEMBRE;2023;1/08/2024;AMAZONAS;PENAL;DENUNCIA;CONTRA LA LIBERTAD;12;PROXENETISMO;35;S/Art;PRoXENETISMo;1;10101;AMAZONAS;CHACHAPOYAS;CHACHAPOYAS;1/24/2024
;;;;ENERO - DICIEMBRE;2023;1/08/2024;AMAZONAS;PENAL;DENUNCIA;CONTRA LA LIBERTAD;12;VIOLACION DE DOMICILIO;36;159;Violacion de domicilio;76;10101;AMAZONAS;CHACHAPOYAS;CHACHAPOYAS;1/24/2024
;;;;ENERO - DICIEMBRE;2023;1/08/2024;AMAZONAS;PENAL;DENUNCIA;CONTRA LA LIBERTAD;12;VIOLACION DE DOMICILIO;36;160;Allanamiento ilegal de domicilio;1;10101;AMAZONAS;CHACHAPOYAS;CHACHAPOYAS;1/24/2024
;;;;ENERO - DICIEMBRE;2023;1/08/2024;AMAZONAS;PENAL;DENUNCIA;CONTRA LA LIBERTAD;12;VIOLACION DE DOMICILIO;36;S/Art;VIoLACIoN DE DoMICILIo;4;10101;AMAZONAS;CHACHAPOYAS;CHACHAPOYAS;1/24/2024
;;;;ENERO - DICIEMBRE;2023;1/08/2024;AMAZONAS;PENAL;DENUNCIA;CONTRA LA LIBERTAD;12;VIOLACION DE LA INTIMIDAD;37;154;Violacion de la intimidad;8;10101;AMAZONAS;CHACHAPOYAS;CHACHAPOYAS;1/24/2024
;;;;ENERO - DICIEMBRE;2023;1/08/2024;AMAZONAS;PENAL;DENUNCIA;CONTRA LA LIBERTAD;12;VIOLACION DE LA INTIMIDAD;37;154-B;Difusion de imagenes, materiales audiovisuales o audios con contenido sexual;13;10101;AMAZONAS;CHACHAPOYAS;CHACHAPOYAS;1/24/2024
;;;;ENERO - DICIEMBRE;2023;1/08/2024;AMAZONAS;PENAL;DENUNCIA;CONTRA LA LIBERTAD;12;VIOLACION DE LA LIBERTAD DE TRABAJO;38;168-A;Atentado contra las condiciones de seguridad y salud en el trabajo;2;10101;AMAZONAS;CHACHAPOYAS;CHACHAPOYAS;1/24/2024
;;;;ENERO - DICIEMBRE;2023;1/08/2024;AMAZONAS;PENAL;DENUNCIA;CONTRA LA LIBERTAD;12;VIOLACION DE LA LIBERTAD PERSONAL;39;151;Coaccion;186;10101;AMAZONAS;CHACHAPOYAS;CHACHAPOYAS;1/24/2024
;;;;ENERO - DICIEMBRE;2023;1/08/2024;AMAZONAS;PENAL;DENUNCIA;CONTRA LA LIBERTAD;12;VIOLACION DE LA LIBERTAD PERSONAL;39;151-A;Acoso;84;10101;AMAZONAS;CHACHAPOYAS;CHACHAPOYAS;1/24/2024
;;;;ENERO - DICIEMBRE;2023;1/08/2024;AMAZONAS;PENAL;DENUNCIA;CONTRA LA LIBERTAD;12;VIOLACION DE LA LIBERTAD PERSONAL;39;152;Secuestro;59;10101;AMAZONAS;CHACHAPOYAS;CHACHAPOYAS;1/24/2024
;;;;ENERO - DICIEMBRE;2023;1/08/2024;AMAZONAS;PENAL;DENUNCIA;CONTRA LA LIBERTAD;12;VIOLACION DE LA LIBERTAD PERSONAL;39;S/Art;VIoLACIoN DE LA LIBERTAD PERSoNAL;1;10101;AMAZONAS;CHACHAPOYAS;CHACHAPOYAS;1/24/2024
;;;;ENERO - DICIEMBRE;2023;1/08/2024;AMAZONAS;PENAL;DENUNCIA;CONTRA LA LIBERTAD;12;VIOLACION DE LA LIBERTAD SEXUAL;40;170;Violacion sexual;123;10101;AMAZONAS;CHACHAPOYAS;CHACHAPOYAS;1/24/2024
;;;;ENERO - DICIEMBRE;2023;1/08/2024;AMAZONAS;PENAL;DENUNCIA;CONTRA LA LIBERTAD;12;VIOLACION DE LA LIBERTAD SEXUAL;40;171;Violacion de persona en estado de inconsciencia o en la imposibilidad de resistir;6;10101;AMAZONAS;CHACHAPOYAS;CHACHAPOYAS;1/24/2024
;;;;ENERO - DICIEMBRE;2023;1/08/2024;AMAZONAS;PENAL;DENUNCIA;CONTRA LA LIBERTAD;12;VIOLACION DE LA LIBERTAD SEXUAL;40;172;Violacion de persona en incapacidad de dar su libre consentimiento;18;10101;AMAZONAS;CHACHAPOYAS;CHACHAPOYAS;1/24/2024
;;;;ENERO - DICIEMBRE;2023;1/08/2024;AMAZONAS;PENAL;DENUNCIA;CONTRA LA LIBERTAD;12;VIOLACION DE LA LIBERTAD SEXUAL;40;173;Violacion sexual de menor de edad;196;10101;AMAZONAS;CHACHAPOYAS;CHACHAPOYAS;1/24/2024
;;;;ENERO - DICIEMBRE;2023;1/08/2024;AMAZONAS;PENAL;DENUNCIA;CONTRA LA LIBERTAD;12;VIOLACION DE LA LIBERTAD SEXUAL;40;174;Violacion de persona bajo autoridad o vigilancia;1;10101;AMAZONAS;CHACHAPOYAS;CHACHAPOYAS;1/24/2024
;;;;ENERO - DICIEMBRE;2023;1/08/2024;AMAZONAS;PENAL;DENUNCIA;CONTRA LA LIBERTAD;12;VIOLACION DE LA LIBERTAD SEXUAL;40;175;Violacion sexual mediante engaño;15;10101;AMAZONAS;CHACHAPOYAS;CHACHAPOYAS;1/24/2024
;;;;ENERO - DICIEMBRE;2023;1/08/2024;AMAZONAS;PENAL;DENUNCIA;CONTRA LA LIBERTAD;12;VIOLACION DE LA LIBERTAD SEXUAL;40;176;Tocamientos, actos de connotacion sexual o actos libidinosos sin consentimiento;114;10101;AMAZONAS;CHACHAPOYAS;CHACHAPOYAS;1/24/2024
;;;;ENERO - DICIEMBRE;2023;1/08/2024;AMAZONAS;PENAL;DENUNCIA;CONTRA LA LIBERTAD;12;VIOLACION DE LA LIBERTAD SEXUAL;40;176-A;Tocamientos, actos de connotacion sexual o actos libidinosos en agravio de menores;97;10101;AMAZONAS;CHACHAPOYAS;CHACHAPOYAS;1/24/2024
;;;;ENERO - DICIEMBRE;2023;1/08/2024;AMAZONAS;PENAL;DENUNCIA;CONTRA LA LIBERTAD;12;VIOLACION DE LA LIBERTAD SEXUAL;40;176-B;Acoso sexual;93;10101;AMAZONAS;CHACHAPOYAS;CHACHAPOYAS;1/24/2024
;;;;ENERO - DICIEMBRE;2023;1/08/2024;AMAZONAS;PENAL;DENUNCIA;CONTRA LA LIBERTAD;12;VIOLACION DE LA LIBERTAD SEXUAL;40;176-C;Chantaje sexual;5;10101;AMAZONAS;CHACHAPOYAS;CHACHAPOYAS;1/24/2024
;;;;ENERO - DICIEMBRE;2023;1/08/2024;AMAZONAS;PENAL;DENUNCIA;CONTRA LA LIBERTAD;12;VIOLACION DE LA LIBERTAD SEXUAL;40;177;Formas agravadas;7;10101;AMAZONAS;CHACHAPOYAS;CHACHAPOYAS;1/24/2024
;;;;ENERO - DICIEMBRE;2023;1/08/2024;AMAZONAS;PENAL;DENUNCIA;CONTRA LA LIBERTAD;12;VIOLACION DE LA LIBERTAD SEXUAL;40;S/Art;VIoLACIoN DE LA LIBERTAD SEXUAL;1;10101;AMAZONAS;CHACHAPOYAS;CHACHAPOYAS;1/24/2024
;;;;ENERO - DICIEMBRE;2023;1/08/2024;AMAZONAS;PENAL;DENUNCIA;CONTRA LA LIBERTAD;12;VIOLACION DEL SECRETO DE LAS COMUNICAC.;41;161;Violacion de correspondencia;1;10101;AMAZONAS;CHACHAPOYAS;CHACHAPOYAS;1/24/2024
;;;;ENERO - DICIEMBRE;2023;1/08/2024;AMAZONAS;PENAL;DENUNCIA;CONTRA LA SEGURIDAD PUBLICA;13;CONTRA LA SALUD PUBLICA (CONTAMINACION Y PROPAGACION, TRAFICO ILICITO DE DROGAS);42;287;Contaminacion o adulteracion de alimentos o bebidas y alteracion de la fecha de vencimiento;1;10101;AMAZONAS;CHACHAPOYAS;CHACHAPOYAS;1/24/2024
;;;;ENERO - DICIEMBRE;2023;1/08/2024;AMAZONAS;PENAL;DENUNCIA;CONTRA LA SEGURIDAD PUBLICA;13;CONTRA LA SALUD PUBLICA (CONTAMINACION Y PROPAGACION, TRAFICO ILICITO DE DROGAS);42;288;Produccion, comercializacion o trafico ilicito de alimentos y otros productos destinados al uso o consumo humano;2;10101;AMAZONAS;CHACHAPOYAS;CHACHAPOYAS;1/24/2024
;;;;ENERO - DICIEMBRE;2023;1/08/2024;AMAZONAS;PENAL;DENUNCIA;CONTRA LA SEGURIDAD PUBLICA;13;CONTRA LA SALUD PUBLICA (CONTAMINACION Y PROPAGACION, TRAFICO ILICITO DE DROGAS);42;288-B;Uso de productos toxicos o peligrosos;4;10101;AMAZONAS;CHACHAPOYAS;CHACHAPOYAS;1/24/2024
;;;;ENERO - DICIEMBRE;2023;1/08/2024;AMAZONAS;PENAL;DENUNCIA;CONTRA LA SEGURIDAD PUBLICA;13;CONTRA LA SALUD PUBLICA (CONTAMINACION Y PROPAGACION, TRAFICO ILICITO DE DROGAS);42;289;Propagacion de enfermedad peligrosa o contagiosa;1;10101;AMAZONAS;CHACHAPOYAS;CHACHAPOYAS;1/24/2024
;;;;ENERO - DICIEMBRE;2023;1/08/2024;AMAZONAS;PENAL;DENUNCIA;CONTRA LA SEGURIDAD PUBLICA;13;CONTRA LA SALUD PUBLICA (CONTAMINACION Y PROPAGACION, TRAFICO ILICITO DE DROGAS);42;294-B;Comercializacion de productos farmaceuticos, dispositivos medicos o productos sanitarios sin garantia de buen estado;4;10101;AMAZONAS;CHACHAPOYAS;CHACHAPOYAS;1/24/2024
;;;;ENERO - DICIEMBRE;2023;1/08/2024;AMAZONAS;PENAL;DENUNCIA;CONTRA LA SEGURIDAD PUBLICA;13;CONTRA LA SALUD PUBLICA (CONTAMINACION Y PROPAGACION, TRAFICO ILICITO DE DROGAS);42;296;Promocion o favorecimiento al Trafico Ilicito de Drogas y otros;96;10101;AMAZONAS;CHACHAPOYAS;CHACHAPOYAS;1/24/2024
;;;;ENERO - DICIEMBRE;2023;1/08/2024;AMAZONAS;PENAL;DENUNCIA;CONTRA LA SEGURIDAD PUBLICA;13;CONTRA LA SALUD PUBLICA (CONTAMINACION Y PROPAGACION, TRAFICO ILICITO DE DROGAS);42;296-A;Comercializacion y cultivo de amapola y marihuana y su siembra compulsiva;10;10101;AMAZONAS;CHACHAPOYAS;CHACHAPOYAS;1/24/2024
;;;;ENERO - DICIEMBRE;2023;1/08/2024;AMAZONAS;PENAL;DENUNCIA;CONTRA LA SEGURIDAD PUBLICA;13;CONTRA LA SALUD PUBLICA (CONTAMINACION Y PROPAGACION, TRAFICO ILICITO DE DROGAS);42;296-B;Trafico Ilicito de Insumos Quimicos y Productos Fiscalizados.;5;10101;AMAZONAS;CHACHAPOYAS;CHACHAPOYAS;1/24/2024
;;;;ENERO - DICIEMBRE;2023;1/08/2024;AMAZONAS;PENAL;DENUNCIA;CONTRA LA SEGURIDAD PUBLICA;13;CONTRA LA SALUD PUBLICA (CONTAMINACION Y PROPAGACION, TRAFICO ILICITO DE DROGAS);42;297;Formas agravadas;6;10101;AMAZONAS;CHACHAPOYAS;CHACHAPOYAS;1/24/2024
;;;;ENERO - DICIEMBRE;2023;1/08/2024;AMAZONAS;PENAL;DENUNCIA;CONTRA LA SEGURIDAD PUBLICA;13;CONTRA LA SALUD PUBLICA (CONTAMINACION Y PROPAGACION, TRAFICO ILICITO DE DROGAS);42;298;Microcomercializacion o microproduccion;23;10101;AMAZONAS;CHACHAPOYAS;CHACHAPOYAS;1/24/2024
;;;;ENERO - DICIEMBRE;2023;1/08/2024;AMAZONAS;PENAL;DENUNCIA;CONTRA LA SEGURIDAD PUBLICA;13;CONTRA LA SALUD PUBLICA (CONTAMINACION Y PROPAGACION, TRAFICO ILICITO DE DROGAS);42;299;Posesion no punible;1;10101;AMAZONAS;CHACHAPOYAS;CHACHAPOYAS;1/24/2024
;;;;ENERO - DICIEMBRE;2023;1/08/2024;AMAZONAS;PENAL;DENUNCIA;CONTRA LA SEGURIDAD PUBLICA;13;CONTRA LA SALUD PUBLICA (CONTAMINACION Y PROPAGACION, TRAFICO ILICITO DE DROGAS);42;S/Art;DELIToS CoNTRA LA SALUD PuBLICA;1;10101;AMAZONAS;CHACHAPOYAS;CHACHAPOYAS;1/24/2024
;;;;ENERO - DICIEMBRE;2023;1/08/2024;AMAZONAS;PENAL;DENUNCIA;CONTRA LA SEGURIDAD PUBLICA;13;CONTRA LOS MEDIOS DE TRANSP., COMUNIC. Y OTROS SERV. PuBLICOS;43;281;Atentado contra la seguridad comun;3;10101;AMAZONAS;CHACHAPOYAS;CHACHAPOYAS;1/24/2024
;;;;ENERO - DICIEMBRE;2023;1/08/2024;AMAZONAS;PENAL;DENUNCIA;CONTRA LA SEGURIDAD PUBLICA;13;CONTRA LOS MEDIOS DE TRANSP., COMUNIC. Y OTROS SERV. PuBLICOS;43;283;Entorpecimiento al funcionamiento de servicios publicos;1;10101;AMAZONAS;CHACHAPOYAS;CHACHAPOYAS;1/24/2024
;;;;ENERO - DICIEMBRE;2023;1/08/2024;AMAZONAS;PENAL;DENUNCIA;CONTRA LA SEGURIDAD PUBLICA;13;DELITO DE PELIGRO COMUN;44;273;Peligro por medio de incendio o explosion;3;10101;AMAZONAS;CHACHAPOYAS;CHACHAPOYAS;1/24/2024
;;;;ENERO - DICIEMBRE;2023;1/08/2024;AMAZONAS;PENAL;DENUNCIA;CONTRA LA SEGURIDAD PUBLICA;13;DELITO DE PELIGRO COMUN;44;273-A;Produccion de peligro en el servicio publico de transporte de pasajeros;7;10101;AMAZONAS;CHACHAPOYAS;CHACHAPOYAS;1/24/2024
;;;;ENERO - DICIEMBRE;2023;1/08/2024;AMAZONAS;PENAL;DENUNCIA;CONTRA LA SEGURIDAD PUBLICA;13;DELITO DE PELIGRO COMUN;44;274;Conduccion en estado de ebriedad o drogadiccion;497;10101;AMAZONAS;CHACHAPOYAS;CHACHAPOYAS;1/24/2024
;;;;ENERO - DICIEMBRE;2023;1/08/2024;AMAZONAS;PENAL;DENUNCIA;CONTRA LA SEGURIDAD PUBLICA;13;DELITO DE PELIGRO COMUN;44;275;Formas agravadas;1;10101;AMAZONAS;CHACHAPOYAS;CHACHAPOYAS;1/24/2024
;;;;ENERO - DICIEMBRE;2023;1/08/2024;AMAZONAS;PENAL;DENUNCIA;CONTRA LA SEGURIDAD PUBLICA;13;DELITO DE PELIGRO COMUN;44;279;Fabricacion, suministro o tenencia de materiales peligrosos;35;10101;AMAZONAS;CHACHAPOYAS;CHACHAPOYAS;1/24/2024
;;;;ENERO - DICIEMBRE;2023;1/08/2024;AMAZONAS;PENAL;DENUNCIA;CONTRA LA SEGURIDAD PUBLICA;13;DELITO DE PELIGRO COMUN;44;279-A;Produccion, desarrollo y comercializacion ilegal de armas quimicas;6;10101;AMAZONAS;CHACHAPOYAS;CHACHAPOYAS;1/24/2024
;;;;ENERO - DICIEMBRE;2023;1/08/2024;AMAZONAS;PENAL;DENUNCIA;CONTRA LA SEGURIDAD PUBLICA;13;DELITO DE PELIGRO COMUN;44;279-B;Sustraccion o arrebato de armas de fuego;2;10101;AMAZONAS;CHACHAPOYAS;CHACHAPOYAS;1/24/2024
;;;;ENERO - DICIEMBRE;2023;1/08/2024;AMAZONAS;PENAL;DENUNCIA;CONTRA LA SEGURIDAD PUBLICA;13;DELITO DE PELIGRO COMUN;44;279-C;Trafico de productos pirotecnicos;2;10101;AMAZONAS;CHACHAPOYAS;CHACHAPOYAS;1/24/2024
;;;;ENERO - DICIEMBRE;2023;1/08/2024;AMAZONAS;PENAL;DENUNCIA;CONTRA LA SEGURIDAD PUBLICA;13;DELITO DE PELIGRO COMUN;44;279-E;Ensamblado, comercializacion y utilizacion, en el servicio publico, de transporte de omnibuses sobre chasis de camion;9;10101;AMAZONAS;CHACHAPOYAS;CHACHAPOYAS;1/24/2024
;;;;ENERO - DICIEMBRE;2023;1/08/2024;AMAZONAS;PENAL;DENUNCIA;CONTRA LA SEGURIDAD PUBLICA;13;DELITO DE PELIGRO COMUN;44;279-F;Uso de armas en estado de ebriedad o drogadiccion;2;10101;AMAZONAS;CHACHAPOYAS;CHACHAPOYAS;1/24/2024
;;;;ENERO - DICIEMBRE;2023;1/08/2024;AMAZONAS;PENAL;DENUNCIA;CONTRA LA SEGURIDAD PUBLICA;13;DELITO DE PELIGRO COMUN;44;279-G;Fabricacion, comercializacion, uso o porte de armas;30;10101;AMAZONAS;CHACHAPOYAS;CHACHAPOYAS;1/24/2024
;;;;ENERO - DICIEMBRE;2023;1/08/2024;AMAZONAS;PENAL;DENUNCIA;CONTRA LA SEGURIDAD PUBLICA;13;DELITO DE PELIGRO COMUN;44;S/Art;DELIToS DE PELIGRo CoMuN ;3;10101;AMAZONAS;CHACHAPOYAS;CHACHAPOYAS;1/24/2024
;;;;ENERO - DICIEMBRE;2023;1/08/2024;AMAZONAS;PENAL;DENUNCIA;CONTRA LA TRANQUILIDAD PUBLICA;14;DECRETO LEY 25475 (TERRORISMO);45;S/Art;DECRETo LEY 25475 (TERRoRISMo);1;10101;AMAZONAS;CHACHAPOYAS;CHACHAPOYAS;1/24/2024
;;;;ENERO - DICIEMBRE;2023;1/08/2024;AMAZONAS;PENAL;DENUNCIA;CONTRA LA TRANQUILIDAD PUBLICA;14;DELITOS CONTRA LA PAZ PUBLICA;46;315;Disturbios;4;10101;AMAZONAS;CHACHAPOYAS;CHACHAPOYAS;1/24/2024
;;;;ENERO - DICIEMBRE;2023;1/08/2024;AMAZONAS;PENAL;DENUNCIA;CONTRA LA TRANQUILIDAD PUBLICA;14;DELITOS CONTRA LA PAZ PUBLICA;46;316-A;Apologia del delito de terrorismo;1;10101;AMAZONAS;CHACHAPOYAS;CHACHAPOYAS;1/24/2024
;;;;ENERO - DICIEMBRE;2023;1/08/2024;AMAZONAS;PENAL;DENUNCIA;CONTRA LA TRANQUILIDAD PUBLICA;14;DELITOS CONTRA LA PAZ PUBLICA;46;317;organizacion Criminal;21;10101;AMAZONAS;CHACHAPOYAS;CHACHAPOYAS;1/24/2024
;;;;ENERO - DICIEMBRE;2023;1/08/2024;AMAZONAS;PENAL;DENUNCIA;CONTRA LA TRANQUILIDAD PUBLICA;14;DELITOS CONTRA LA PAZ PUBLICA;46;317-A;Marcaje o reglaje;2;10101;AMAZONAS;CHACHAPOYAS;CHACHAPOYAS;1/24/2024
;;;;ENERO - DICIEMBRE;2023;1/08/2024;AMAZONAS;PENAL;DENUNCIA;CONTRA LA TRANQUILIDAD PUBLICA;14;DELITOS CONTRA LA PAZ PUBLICA;46;318;ofensas a la memoria de los muertos;1;10101;AMAZONAS;CHACHAPOYAS;CHACHAPOYAS;1/24/2024
;;;;ENERO - DICIEMBRE;2023;1/08/2024;AMAZONAS;PENAL;DENUNCIA;CONTRA LA TRANQUILIDAD PUBLICA;14;DELITOS CONTRA LA PAZ PUBLICA;46;S/Art;DELIToS CoNTRA LA PAZ PuBLICA;1;10101;AMAZONAS;CHACHAPOYAS;CHACHAPOYAS;1/24/2024
;;;;ENERO - DICIEMBRE;2023;1/08/2024;AMAZONAS;PENAL;DENUNCIA;CONTRA LA VIDA/EL CUERPO Y LA SALUD;15;ABORTO;47;114;Autoaborto;10;10101;AMAZONAS;CHACHAPOYAS;CHACHAPOYAS;1/24/2024
;;;;ENERO - DICIEMBRE;2023;1/08/2024;AMAZONAS;PENAL;DENUNCIA;CONTRA LA VIDA/EL CUERPO Y LA SALUD;15;ABORTO;47;115;Aborto consentido;2;10101;AMAZONAS;CHACHAPOYAS;CHACHAPOYAS;1/24/2024
;;;;ENERO - DICIEMBRE;2023;1/08/2024;AMAZONAS;PENAL;DENUNCIA;CONTRA LA VIDA/EL CUERPO Y LA SALUD;15;ABORTO;47;116;Aborto sin consentimiento;7;10101;AMAZONAS;CHACHAPOYAS;CHACHAPOYAS;1/24/2024
;;;;ENERO - DICIEMBRE;2023;1/08/2024;AMAZONAS;PENAL;DENUNCIA;CONTRA LA VIDA/EL CUERPO Y LA SALUD;15;ABORTO;47;117;Agravacion de la pena por la calidad del sujeto;1;10101;AMAZONAS;CHACHAPOYAS;CHACHAPOYAS;1/24/2024
;;;;ENERO - DICIEMBRE;2023;1/08/2024;AMAZONAS;PENAL;DENUNCIA;CONTRA LA VIDA/EL CUERPO Y LA SALUD;15;ABORTO;47;118;Aborto preterintencional;2;10101;AMAZONAS;CHACHAPOYAS;CHACHAPOYAS;1/24/2024
;;;;ENERO - DICIEMBRE;2023;1/08/2024;AMAZONAS;PENAL;DENUNCIA;CONTRA LA VIDA/EL CUERPO Y LA SALUD;15;CONTRA LA VIDA/EL CUERPO Y LA SALUD (Sin especificar delito subgenerico);48;S/Art;DELIToS CoNTRA LA VIDA, EL CUERPo Y  LA  SALUD;2;10101;AMAZONAS;CHACHAPOYAS;CHACHAPOYAS;1/24/2024
;;;;ENERO - DICIEMBRE;2023;1/08/2024;AMAZONAS;PENAL;DENUNCIA;CONTRA LA VIDA/EL CUERPO Y LA SALUD;15;EXPOSICION A PELIGRO O ABANDONO DE PERSONAS EN PELIGRO;49;125;Exposicion o abandono peligrosos;19;10101;AMAZONAS;CHACHAPOYAS;CHACHAPOYAS;1/24/2024
;;;;ENERO - DICIEMBRE;2023;1/08/2024;AMAZONAS;PENAL;DENUNCIA;CONTRA LA VIDA/EL CUERPO Y LA SALUD;15;EXPOSICION A PELIGRO O ABANDONO DE PERSONAS EN PELIGRO;49;126;omision de socorro y exposicion a peligro;1;10101;AMAZONAS;CHACHAPOYAS;CHACHAPOYAS;1/24/2024
;;;;ENERO - DICIEMBRE;2023;1/08/2024;AMAZONAS;PENAL;DENUNCIA;CONTRA LA VIDA/EL CUERPO Y LA SALUD;15;EXPOSICION A PELIGRO O ABANDONO DE PERSONAS EN PELIGRO;49;127;omision de auxilio o aviso a la autoridad;4;10101;AMAZONAS;CHACHAPOYAS;CHACHAPOYAS;1/24/2024
;;;;ENERO - DICIEMBRE;2023;1/08/2024;AMAZONAS;PENAL;DENUNCIA;CONTRA LA VIDA/EL CUERPO Y LA SALUD;15;EXPOSICION A PELIGRO O ABANDONO DE PERSONAS EN PELIGRO;49;128;Exposicion a peligro de persona dependiente;19;10101;AMAZONAS;CHACHAPOYAS;CHACHAPOYAS;1/24/2024
;;;;ENERO - DICIEMBRE;2023;1/08/2024;AMAZONAS;PENAL;DENUNCIA;CONTRA LA VIDA/EL CUERPO Y LA SALUD;15;EXPOSICION A PELIGRO O ABANDONO DE PERSONAS EN PELIGRO;49;129;Formas agravadas (Art. 125 y 128);1;10101;AMAZONAS;CHACHAPOYAS;CHACHAPOYAS;1/24/2024
;;;;ENERO - DICIEMBRE;2023;1/08/2024;AMAZONAS;PENAL;DENUNCIA;CONTRA LA VIDA/EL CUERPO Y LA SALUD;15;HOMICIDIO;50;106;Homicidio Simple;138;10101;AMAZONAS;CHACHAPOYAS;CHACHAPOYAS;1/24/2024
;;;;ENERO - DICIEMBRE;2023;1/08/2024;AMAZONAS;PENAL;DENUNCIA;CONTRA LA VIDA/EL CUERPO Y LA SALUD;15;HOMICIDIO;50;107;Parricidio;1;10101;AMAZONAS;CHACHAPOYAS;CHACHAPOYAS;1/24/2024
;;;;ENERO - DICIEMBRE;2023;1/08/2024;AMAZONAS;PENAL;DENUNCIA;CONTRA LA VIDA/EL CUERPO Y LA SALUD;15;HOMICIDIO;50;108;Homicidio calificado;14;10101;AMAZONAS;CHACHAPOYAS;CHACHAPOYAS;1/24/2024
;;;;ENERO - DICIEMBRE;2023;1/08/2024;AMAZONAS;PENAL;DENUNCIA;CONTRA LA VIDA/EL CUERPO Y LA SALUD;15;HOMICIDIO;50;108-B;Feminicidio;8;10101;AMAZONAS;CHACHAPOYAS;CHACHAPOYAS;1/24/2024
;;;;ENERO - DICIEMBRE;2023;1/08/2024;AMAZONAS;PENAL;DENUNCIA;CONTRA LA VIDA/EL CUERPO Y LA SALUD;15;HOMICIDIO;50;108-C;Sicariato;3;10101;AMAZONAS;CHACHAPOYAS;CHACHAPOYAS;1/24/2024
;;;;ENERO - DICIEMBRE;2023;1/08/2024;AMAZONAS;PENAL;DENUNCIA;CONTRA LA VIDA/EL CUERPO Y LA SALUD;15;HOMICIDIO;50;108-D;La conspiracion y el ofrecimiento para el delito de sicariato;1;10101;AMAZONAS;CHACHAPOYAS;CHACHAPOYAS;1/24/2024
;;;;ENERO - DICIEMBRE;2023;1/08/2024;AMAZONAS;PENAL;DENUNCIA;CONTRA LA VIDA/EL CUERPO Y LA SALUD;15;HOMICIDIO;50;110;Infanticidio;1;10101;AMAZONAS;CHACHAPOYAS;CHACHAPOYAS;1/24/2024
;;;;ENERO - DICIEMBRE;2023;1/08/2024;AMAZONAS;PENAL;DENUNCIA;CONTRA LA VIDA/EL CUERPO Y LA SALUD;15;HOMICIDIO;50;111;Homicidio Culposo;55;10101;AMAZONAS;CHACHAPOYAS;CHACHAPOYAS;1/24/2024
;;;;ENERO - DICIEMBRE;2023;1/08/2024;AMAZONAS;PENAL;DENUNCIA;CONTRA LA VIDA/EL CUERPO Y LA SALUD;15;HOMICIDIO;50;113;Instigacion o ayuda al suicidio;9;10101;AMAZONAS;CHACHAPOYAS;CHACHAPOYAS;1/24/2024
;;;;ENERO - DICIEMBRE;2023;1/08/2024;AMAZONAS;PENAL;DENUNCIA;CONTRA LA VIDA/EL CUERPO Y LA SALUD;15;HOMICIDIO;50;S/Art;HoMICIDIo;4;10101;AMAZONAS;CHACHAPOYAS;CHACHAPOYAS;1/24/2024
;;;;ENERO - DICIEMBRE;2023;1/08/2024;AMAZONAS;PENAL;DENUNCIA;CONTRA LA VIDA/EL CUERPO Y LA SALUD;15;LESIONES;51;121;Lesiones graves;85;10101;AMAZONAS;CHACHAPOYAS;CHACHAPOYAS;1/24/2024
;;;;ENERO - DICIEMBRE;2023;1/08/2024;AMAZONAS;PENAL;DENUNCIA;CONTRA LA VIDA/EL CUERPO Y LA SALUD;15;LESIONES;51;121-B;Lesiones graves por violencia contra las mujeres e integrantes del grupo familiar;31;10101;AMAZONAS;CHACHAPOYAS;CHACHAPOYAS;1/24/2024
;;;;ENERO - DICIEMBRE;2023;1/08/2024;AMAZONAS;PENAL;DENUNCIA;CONTRA LA VIDA/EL CUERPO Y LA SALUD;15;LESIONES;51;122;Lesiones leves;864;10101;AMAZONAS;CHACHAPOYAS;CHACHAPOYAS;1/24/2024
;;;;ENERO - DICIEMBRE;2023;1/08/2024;AMAZONAS;PENAL;DENUNCIA;CONTRA LA VIDA/EL CUERPO Y LA SALUD;15;LESIONES;51;122-B;Agresiones en contra de las mujeres o integrantes del grupo familiar;3175;10101;AMAZONAS;CHACHAPOYAS;CHACHAPOYAS;1/24/2024
;;;;ENERO - DICIEMBRE;2023;1/08/2024;AMAZONAS;PENAL;DENUNCIA;CONTRA LA VIDA/EL CUERPO Y LA SALUD;15;LESIONES;51;123;Lesiones preterintencionales con resultado fortuito;78;10101;AMAZONAS;CHACHAPOYAS;CHACHAPOYAS;1/24/2024
;;;;ENERO - DICIEMBRE;2023;1/08/2024;AMAZONAS;PENAL;DENUNCIA;CONTRA LA VIDA/EL CUERPO Y LA SALUD;15;LESIONES;51;124;Lesiones Culposas;345;10101;AMAZONAS;CHACHAPOYAS;CHACHAPOYAS;1/24/2024
;;;;ENERO - DICIEMBRE;2023;1/08/2024;AMAZONAS;PENAL;DENUNCIA;CONTRA LA VIDA/EL CUERPO Y LA SALUD;15;LESIONES;51;124-A;Daños al Concebido;1;10101;AMAZONAS;CHACHAPOYAS;CHACHAPOYAS;1/24/2024
;;;;ENERO - DICIEMBRE;2023;1/08/2024;AMAZONAS;PENAL;DENUNCIA;CONTRA LA VIDA/EL CUERPO Y LA SALUD;15;LESIONES;51;S/Art;LESIoNES;95;10101;AMAZONAS;CHACHAPOYAS;CHACHAPOYAS;1/24/2024
;;;;ENERO - DICIEMBRE;2023;1/08/2024;AMAZONAS;PENAL;DENUNCIA;CONTRA LA VOLUNTAD POPULAR;16;DELITOS CONTRA EL DERECHO AL SUFRAGIO;52;355;Impedimento del ejercicio de derecho de sufragio;1;10101;AMAZONAS;CHACHAPOYAS;CHACHAPOYAS;1/24/2024
;;;;ENERO - DICIEMBRE;2023;1/08/2024;AMAZONAS;PENAL;DENUNCIA;CONTRA LA VOLUNTAD POPULAR;16;DELITOS CONTRA EL DERECHO AL SUFRAGIO;52;359;Atentados contra el derecho de sufragio;6;10101;AMAZONAS;CHACHAPOYAS;CHACHAPOYAS;1/24/2024
;;;;ENERO - DICIEMBRE;2023;1/08/2024;AMAZONAS;PENAL;DENUNCIA;CONTRA LOS DERECHOS INTELECTUALES;17;CONTRA LA PROPIEDAD INDUSTRIAL;53;223;Uso o venta no autorizada de diseño o modelo industrial;1;10101;AMAZONAS;CHACHAPOYAS;CHACHAPOYAS;1/24/2024
;;;;ENERO - DICIEMBRE;2023;1/08/2024;AMAZONAS;PENAL;DENUNCIA;D.LEG 813. LEY PENAL TRIBUTARIA;18;DEFRAUDACION TRIBUTARIA;54;2;Defraudacion tributaria (D.L. 813);2;10101;AMAZONAS;CHACHAPOYAS;CHACHAPOYAS;1/24/2024
;;;;ENERO - DICIEMBRE;2023;1/08/2024;AMAZONAS;PENAL;DENUNCIA;D.LEG 813. LEY PENAL TRIBUTARIA;18;DEFRAUDACION TRIBUTARIA;54;5-C;Defraudacion tributaria (D.L. 813);1;10101;AMAZONAS;CHACHAPOYAS;CHACHAPOYAS;1/24/2024
;;;;ENERO - DICIEMBRE;2023;1/08/2024;AMAZONAS;PENAL;DENUNCIA;D.LEG. 1106 LAVADO DE ACTIVOS;19;LAVADO DE ACTIVOS;55;1;Actos de conversion y transferencia;1;10101;AMAZONAS;CHACHAPOYAS;CHACHAPOYAS;1/24/2024
;;;;ENERO - DICIEMBRE;2023;1/08/2024;AMAZONAS;PENAL;DENUNCIA;D.LEG. 1106 LAVADO DE ACTIVOS;19;LAVADO DE ACTIVOS;55;2;Actos de ocultamiento y tenencia;7;10101;AMAZONAS;CHACHAPOYAS;CHACHAPOYAS;1/24/2024
;;;;ENERO - DICIEMBRE;2023;1/08/2024;AMAZONAS;PENAL;DENUNCIA;D.LEG. 1106 LAVADO DE ACTIVOS;19;LAVADO DE ACTIVOS;55;4;Circunstancias agravantes y atenuantes;1;10101;AMAZONAS;CHACHAPOYAS;CHACHAPOYAS;1/24/2024
;;;;ENERO - DICIEMBRE;2023;1/08/2024;AMAZONAS;PENAL;DENUNCIA;DELITOS ADUANEROS (LEY 28008);20;CONTRABANDO (D.ADUAN.);56;1;Contrabando.;3;10101;AMAZONAS;CHACHAPOYAS;CHACHAPOYAS;1/24/2024
;;;;ENERO - DICIEMBRE;2023;1/08/2024;AMAZONAS;PENAL;DENUNCIA;DELITOS ADUANEROS (LEY 28008);20;CONTRABANDO (D.ADUAN.);56;2;Modalidades de contrabando;1;10101;AMAZONAS;CHACHAPOYAS;CHACHAPOYAS;1/24/2024
;;;;ENERO - DICIEMBRE;2023;1/08/2024;AMAZONAS;PENAL;DENUNCIA;DELITOS ADUANEROS (LEY 28008);20;CONTRABANDO (D.ADUAN.);56;3;Contrabando fraccionado;4;10101;AMAZONAS;CHACHAPOYAS;CHACHAPOYAS;1/24/2024
;;;;ENERO - DICIEMBRE;2023;1/08/2024;AMAZONAS;PENAL;DENUNCIA;DELITOS ADUANEROS (LEY 28008);20;TRÃFICO DE MERCANCiAS PROHIBIDAS Y RESTRINGIDAS;57;8;Trafico de mercancias prohibidas o restringidas;3;10101;AMAZONAS;CHACHAPOYAS;CHACHAPOYAS;1/24/2024
;;;;ENERO - DICIEMBRE;2023;1/08/2024;AMAZONAS;PENAL;DENUNCIA;DELITOS AMBIENTALES;21;DELITOS CONTRA LOS RECURSOS NATURALES;58;308;Trafico ilegal de especies de flora y fauna silvestre;71;10101;AMAZONAS;CHACHAPOYAS;CHACHAPOYAS;1/24/2024
;;;;ENERO - DICIEMBRE;2023;1/08/2024;AMAZONAS;PENAL;DENUNCIA;DELITOS AMBIENTALES;21;DELITOS CONTRA LOS RECURSOS NATURALES;58;308-B;Extraccion ilegal de especies acuaticas;1;10101;AMAZONAS;CHACHAPOYAS;CHACHAPOYAS;1/24/2024
;;;;ENERO - DICIEMBRE;2023;1/08/2024;AMAZONAS;PENAL;DENUNCIA;DELITOS AMBIENTALES;21;DELITOS CONTRA LOS RECURSOS NATURALES;58;308-C;Depredacion de flora y fauna silvestre;27;10101;AMAZONAS;CHACHAPOYAS;CHACHAPOYAS;1/24/2024
;;;;ENERO - DICIEMBRE;2023;1/08/2024;AMAZONAS;PENAL;DENUNCIA;DELITOS AMBIENTALES;21;DELITOS CONTRA LOS RECURSOS NATURALES;58;308-D;Trafico ilegal de recursos geneticos;1;10101;AMAZONAS;CHACHAPOYAS;CHACHAPOYAS;1/24/2024
;;;;ENERO - DICIEMBRE;2023;1/08/2024;AMAZONAS;PENAL;DENUNCIA;DELITOS AMBIENTALES;21;DELITOS CONTRA LOS RECURSOS NATURALES;58;310;Delitos contra los bosques o formaciones boscosas;98;10101;AMAZONAS;CHACHAPOYAS;CHACHAPOYAS;1/24/2024
;;;;ENERO - DICIEMBRE;2023;1/08/2024;AMAZONAS;PENAL;DENUNCIA;DELITOS AMBIENTALES;21;DELITOS CONTRA LOS RECURSOS NATURALES;58;310-A;Trafico ilegal de productos forestales maderables;99;10101;AMAZONAS;CHACHAPOYAS;CHACHAPOYAS;1/24/2024
;;;;ENERO - DICIEMBRE;2023;1/08/2024;AMAZONAS;PENAL;DENUNCIA;DELITOS AMBIENTALES;21;DELITOS CONTRA LOS RECURSOS NATURALES;58;310-C;Formas agravadas (Art. 310, 310-A, 310-B);4;10101;AMAZONAS;CHACHAPOYAS;CHACHAPOYAS;1/24/2024
;;;;ENERO - DICIEMBRE;2023;1/08/2024;AMAZONAS;PENAL;DENUNCIA;DELITOS AMBIENTALES;21;DELITOS CONTRA LOS RECURSOS NATURALES;58;313;Alteracion del ambiente o paisaje;15;10101;AMAZONAS;CHACHAPOYAS;CHACHAPOYAS;1/24/2024
;;;;ENERO - DICIEMBRE;2023;1/08/2024;AMAZONAS;PENAL;DENUNCIA;DELITOS AMBIENTALES;21;DELITOS DE CONTAMINACION;59;304;Contaminacion del ambiente;42;10101;AMAZONAS;CHACHAPOYAS;CHACHAPOYAS;1/24/2024
;;;;ENERO - DICIEMBRE;2023;1/08/2024;AMAZONAS;PENAL;DENUNCIA;DELITOS AMBIENTALES;21;DELITOS DE CONTAMINACION;59;306;Incumplimiento de las normas relativas al manejo de residuos solidos;1;10101;AMAZONAS;CHACHAPOYAS;CHACHAPOYAS;1/24/2024
;;;;ENERO - DICIEMBRE;2023;1/08/2024;AMAZONAS;PENAL;DENUNCIA;DELITOS AMBIENTALES;21;DELITOS DE CONTAMINACION;59;307;Trafico ilegal de residuos peligrosos;3;10101;AMAZONAS;CHACHAPOYAS;CHACHAPOYAS;1/24/2024
;;;;ENERO - DICIEMBRE;2023;1/08/2024;AMAZONAS;PENAL;DENUNCIA;DELITOS AMBIENTALES;21;DELITOS DE CONTAMINACION;59;307-A;Delito de mineria ilegal;55;10101;AMAZONAS;CHACHAPOYAS;CHACHAPOYAS;1/24/2024
;;;;ENERO - DICIEMBRE;2023;1/08/2024;AMAZONAS;PENAL;DENUNCIA;DELITOS AMBIENTALES;21;DELITOS DE CONTAMINACION;59;307-E;Trafico ilicito de insumos quimicos y maquinarias destinados a mineria ilegal;1;10101;AMAZONAS;CHACHAPOYAS;CHACHAPOYAS;1/24/2024
;;;;ENERO - DICIEMBRE;2023;1/08/2024;AMAZONAS;PENAL;DENUNCIA;DELITOS AMBIENTALES;21;RESPONSABILIDAD FUNCIONAL E INFORMACION FALSA;60;314;Responsabilidad de funcionario publico por otorgamiento ilegal de derechos;3;10101;AMAZONAS;CHACHAPOYAS;CHACHAPOYAS;1/24/2024
;;;;ENERO - DICIEMBRE;2023;1/08/2024;AMAZONAS;PENAL;DENUNCIA;DELITOS AMBIENTALES;21;RESPONSABILIDAD FUNCIONAL E INFORMACION FALSA;60;314-B;Responsabilidad por informacion falsa contenida en informes;5;10101;AMAZONAS;CHACHAPOYAS;CHACHAPOYAS;1/24/2024
;;;;ENERO - DICIEMBRE;2023;1/08/2024;AMAZONAS;PENAL;DENUNCIA;LEY NÂº 30096, LEY DE DELITOS INFORMATICOS;22;DELITOS CONTRA DATOS Y SISTEMAS INFORMATICOS;61;2;Acceso Ilicito;2;10101;AMAZONAS;CHACHAPOYAS;CHACHAPOYAS;1/24/2024
;;;;ENERO - DICIEMBRE;2023;1/08/2024;AMAZONAS;PENAL;DENUNCIA;LEY NÂº 30096, LEY DE DELITOS INFORMATICOS;22;DELITOS CONTRA DATOS Y SISTEMAS INFORMATICOS;61;3;Atentado contra la integridad de datos informaticos;7;10101;AMAZONAS;CHACHAPOYAS;CHACHAPOYAS;1/24/2024
;;;;ENERO - DICIEMBRE;2023;1/08/2024;AMAZONAS;PENAL;DENUNCIA;LEY NÂº 30096, LEY DE DELITOS INFORMATICOS;22;DELITOS INFORMATICOS CONTRA EL PATRIMONIO;62;8;Fraude informatico;98;10101;AMAZONAS;CHACHAPOYAS;CHACHAPOYAS;1/24/2024
;;;;ENERO - DICIEMBRE;2023;1/08/2024;AMAZONAS;PENAL;DENUNCIA;LEY NÂº 30096, LEY DE DELITOS INFORMATICOS;22;DELITOS INFORMATICOS CONTRA LA FE PUBLICA;63;9;Suplantacion de identidad;42;10101;AMAZONAS;CHACHAPOYAS;CHACHAPOYAS;1/24/2024
;;;;ENERO - DICIEMBRE;2023;1/08/2024;AMAZONAS;PENAL;DENUNCIA;LEY NÂº 30096, LEY DE DELITOS INFORMATICOS;22;DELITOS INFORMATICOS CONTRA LA INTIMIDAD Y EL SECRETO DE LAS COMUNICACIONES;64;7;Interceptacion de datos informaticos;1;10101;AMAZONAS;CHACHAPOYAS;CHACHAPOYAS;1/24/2024
;;;;ENERO - DICIEMBRE;2023;1/08/2024;AMAZONAS;PENAL;DENUNCIA;LEY NÂº 30096, LEY DE DELITOS INFORMATICOS;22;DISPOSICIONES COMUNES;65;10;Abuso de mecanismos y dispositivos informaticos;3;10101;AMAZONAS;CHACHAPOYAS;CHACHAPOYAS;1/24/2024
;;;;ENERO - DICIEMBRE;2023;1/08/2024;AMAZONAS;PENAL;DENUNCIA;LEY NÂº 30096, LEY DE DELITOS INFORMATICOS;22;LEY NÂº 30096, LEY DE DELITOS INFORMATICOS (Sin especificar delito subgenerico);66;S/Art;LEY NÂº 30096, LEY DE DELIToS INFoRMATICoS;2;10101;AMAZONAS;CHACHAPOYAS;CHACHAPOYAS;1/24/2024
